{
  "swagger": "2.0",
  "info": {
    "title": "swagger codegen 演示"
  },
  "host": "localhost:8082",
  "basePath": "/hello",
  "tags": [
    {
      "name": "HelloController",
      "description": "Hello测试接口"
    }
  ],
  "schemes": [
    "http"
  ],
  "paths": {
    "/hello": {
      "get": {
        "tags": [
          "HelloController"
        ],
        "summary": "对某人说 hello",
        "operationId": "helloUsingGET",
        "consumes": [
          "application/json"
        ],
        "produces": [
          "*/*"
        ],
        "parameters": [
          {
            "name": "name",
            "in": "query",
            "description": "name",
            "required": true,
            "type": "string"
          }
        ],
        "responses": {
          "200": {
            "description": "OK",
            "schema": {
              "type": "string"
            }
          },
          "401": {
            "description": "Unauthorized"
          },
          "403": {
            "description": "Forbidden"
          },
          "404": {
            "description": "Not Found"
          }
        }
      }
    }
  }
}